{
	"class_name" : "PinholeCameraParameters",
	"extrinsic" : 
	[
		-0.86172753788015044,
		0.20358183965342522,
		-0.46473657594635376,
		0.0,
		0.50624171479366364,
		0.40608447981337675,
		-0.7607987391271559,
		0.0,
		0.033837503775912187,
		-0.89087026542478476,
		-0.45299579856792144,
		0.0,
		-0.031041147036780729,
		0.18652003439394904,
		0.67624594802947968,
		1.0
	],
	"intrinsic" : 
	{
		"height" : 1016,
		"intrinsic_matrix" : 
		[
			879.88181024498977,
			0.0,
			0.0,
			0.0,
			879.88181024498977,
			0.0,
			959.5,
			507.5,
			1.0
		],
		"width" : 1920
	},
	"version_major" : 1,
	"version_minor" : 0
}